condominio_id,papel,nome,email
C01,sindico,Roberto Nogueira,roberto@nogueiratransportes.com.br
C01,sindico,Roberto Nogueira,roberto.nogueira.sindico@gmail.com
C01,subsindico,Renata Silveira,renatasilveira@gmail.com
C02,sindico,Síndico Solar do Parque,sindico.solar@gmail.com
C03,sindico,Renata,renata.vb@hotmail.com
C04,sindico,Administração Torres do Campestre,administracao.torrescampestre@gmail.com
C05,sindico,Marlene Duarte,marleneduarte@uol.com.br
C06,sindico,Cristina Albuquerque,cris.albuquerque@hotmail.com
C07,sindico,Wagner Lima,sindico.parquedasflores@gmail.com
C08,sindico,Denise Moura,denise.moura.portaldosol@gmail.com
C09,sindico,Fábio Rezende,fabio.rezende@rezendeadv.com.br
C11,sindico,Edson Pereira,edsonpereira64@bol.com.br
